dataset,proto,feat,mean,std
pd,p1_role,clip,0.6643815752153698,
pd,p1_role,dino+clip,0.7491811022882948,
pd,p1_role,dino_cls,0.7464103332231987,
pd,p1_role,dino_cls+mean,0.7448378679888827,
pd,p2_role,clip,0.6911688638269905,
pd,p2_role,dino+clip,0.7716819467533634,
pd,p2_role,dino_cls,0.7800714450095255,
pd,p2_role,dino_cls+mean,0.7876746063723524,
pd,p3_role,clip,0.7099757730491579,0.008235162721841691
pd,p3_role,dino+clip,0.7753505440345229,0.017155402411232673
pd,p3_role,dino_cls,0.7542093184010282,0.023385419594785968
pd,p3_role,dino_cls+mean,0.7447433234875497,0.022031195112509134
pw,p1_role,clip,0.6654068119311812,
pw,p1_role,dino+clip,0.7522235100815401,
pw,p1_role,dino_cls,0.7340809360859635,
pw,p1_role,dino_cls+mean,0.7314763088681399,
pw,p2_role,clip,0.6718368714215556,
pw,p2_role,dino+clip,0.7697942671398151,
pw,p2_role,dino_cls,0.7553820021198202,
pw,p2_role,dino_cls+mean,0.7581773834995217,
