dataset,protocol,feat,wd,val_f1,test_acc,test_f1
pd,p1_role,dino_cls,0.01,0.7875077820046442,0.7542372881355932,0.7464103332231987
pd,p1_role,dino_cls+mean,0.001,0.7618205986617205,0.75,0.7448378679888827
pd,p1_role,clip,0.01,0.735728174913315,0.6822033898305084,0.6643815752153698
pd,p1_role,dino+clip,0.0001,0.7964175444150254,0.7584745762711864,0.7491811022882948
pd,p2_role,dino_cls,0.001,0.7741626063963691,0.7954545454545454,0.7800714450095255
pd,p2_role,dino_cls+mean,0.01,0.7681164865414651,0.8,0.7876746063723524
pd,p2_role,clip,0.01,0.6923272242683012,0.7045454545454546,0.6911688638269905
pd,p2_role,dino+clip,0.01,0.7807353593068124,0.7863636363636364,0.7716819467533634
pd,p3_f0_role,dino_cls,0.01,0.7267088761443607,0.760914760914761,0.742932775235215
pd,p3_f0_role,dino_cls+mean,0.0001,0.7284212859756899,0.762993762993763,0.7411472453764308
pd,p3_f0_role,clip,0.01,0.6901026445538443,0.7442827442827443,0.7206079878841317
pd,p3_f0_role,dino+clip,0.01,0.7689863795528283,0.8004158004158004,0.7821544034721059
pd,p3_f1_role,dino_cls,0.01,0.7737116619228447,0.7796257796257796,0.7793930339092263
pd,p3_f1_role,dino_cls+mean,0.0001,0.7529963287309829,0.7754677754677755,0.7712637923058099
pd,p3_f1_role,clip,0.01,0.7306083194036154,0.7172557172557172,0.7039270598061057
pd,p3_f1_role,dino+clip,0.0001,0.7831470722679529,0.7858627858627859,0.7732704535903347
pd,p3_f2_role,dino_cls,1e-05,0.7333993324516201,0.7775467775467776,0.7573988947846786
pd,p3_f2_role,dino_cls+mean,0.01,0.7449725532868902,0.7505197505197505,0.7301496777653474
pd,p3_f2_role,clip,0.01,0.678816778634095,0.7318087318087318,0.7064482082690626
pd,p3_f2_role,dino+clip,0.01,0.7628636294354516,0.7817047817047817,0.7623765553262116
pd,p3_f3_role,dino_cls,1e-05,0.7510204930638833,0.7837837837837838,0.770858251829923
pd,p3_f3_role,dino_cls+mean,0.001,0.764203856862428,0.7692307692307693,0.7626862304029514
pd,p3_f3_role,clip,0.0001,0.6729930573362921,0.7172557172557172,0.7020776119227633
pd,p3_f3_role,dino+clip,0.01,0.7669180674563566,0.8108108108108109,0.8009728002419891
pd,p3_f4_role,dino_cls,0.001,0.766631334215527,0.7395833333333334,0.720463636246098
pd,p3_f4_role,dino_cls+mean,0.001,0.7638617751140437,0.7354166666666667,0.7184696715872088
pd,p3_f4_role,clip,0.01,0.7150588722937724,0.7416666666666667,0.7168179973637264
pd,p3_f4_role,dino+clip,0.001,0.7788059908332812,0.7791666666666667,0.7579785075419728
pw,p1_role,dino_cls,0.01,0.7008810132938984,0.7674734838183301,0.7340809360859635
pw,p1_role,dino_cls+mean,0.001,0.7089975739494321,0.7584987761762306,0.7314763088681399
pw,p1_role,clip,0.001,0.6387649753281179,0.6932281751427795,0.6654068119311812
pw,p1_role,dino+clip,0.01,0.7212434839590803,0.7813434865379385,0.7522235100815401
pw,p2_role,dino_cls,0.001,0.7170859606588948,0.7873763816172193,0.7553820021198202
pw,p2_role,dino_cls+mean,0.01,0.7308425876594038,0.7908667830133799,0.7581773834995217
pw,p2_role,clip,0.001,0.6530714010013309,0.7030250145433391,0.6718368714215556
pw,p2_role,dino+clip,0.0001,0.743238626906667,0.7966841186736475,0.7697942671398151
